0;0;0;0;x;x;
1;181;5;99;b_adamantine;x;
2;112;0;48;b_balfiera;x;
3;135;4;73;b_gallomarket;x;
4;165;4;93;b_medora;x;
5;226;6;127;b_mynisera;x;
6;196;156;45;b_grimfield;x;
7;94;73;10;b_stonetooth;x;
8;137;105;15;b_morisel;x;
9;188;141;20;b_little_betony;x;
10;0;81;74;b_glenpoint;x;
11;0;127;116;b_falmouth;x;
12;0;181;165;b_camborne;x;
13;57;18;142;b_bayeaux;x;
14;39;12;96;b_tulune;x;
15;70;23;181;b_daggerlook;x;
16;109;0;40;b_themond;x;
17;150;7;59;b_dagger_priory;x;
18;61;0;22;b_daggerfall_castle;x;
19;96;0;35;b_daggerfall;x;
20;137;0;50;b_margaux;x;
21;0;136;0;b_dagmouth;x;
22;0;84;0;b_shalgora;x;
23;0;145;0;b_maestag;x;
24;204;199;63;b_deleyn_mill;x;
25;142;137;44;b_deleyn_keep;x;
26;114;111;21;b_noellaume;x;
27;188;184;58;b_dourstone;x;
28;173;52;0;b_ilessan;x;
29;211;96;46;b_guardians_vale;x;
30;211;63;0;b_valewatch;x;
31;255;133;81;b_chill_keep;x;
32;55;168;72;b_miltrin;x;
33;53;168;72;b_silumm;x;
34;44;137;59;b_shrieking_scar;x;
35;25;76;32;b_beldama;x;
36;165;76;164;b_northmoor;x;
37;81;37;80;b_daenia;x;
38;137;63;136;b_wyrdmarket;x;
39;112;51;111;b_dresan;x;
40;0;145;58;b_lightwatch;x;
41;0;165;66;b_mire_falls;x;
42;0;124;49;b_aldcroft;x;
43;0;165;63;b_tangle_rock;x;
44;48;127;77;b_khuras;x;
45;127;48;76;b_llugwych;x;
46;130;49;65;b_farwatch;x;
47;165;62;97;b_ykalon;x;
48;58;120;175;SEA;x;
49;70;147;214;LAKES;x;
50;96;21;36;b_seaview;x;
51;163;48;0;b_westtry;x;
52;201;57;0;b_northshore_point;x;
53;201;91;44;b_enduum;x;
54;255;136;89;b_eagle_brook;x;
55;90;91;145;b_glenumbra_moors;x;
56;62;63;127;b_cambray_hills;x;
57;71;72;145;b_cambray_pass;x;
58;58;59;119;b_hag_fen;x;
59;109;17;34;b_wilmslow;x;
60;94;15;29;b_stendarr_abbey;x;
61;127;20;38;b_camlorn;x;
62;188;30;59;b_gaudet;x;
63;76;12;25;b_camlorn_castle;x;
64;158;0;28;b_balefire;x;
65;104;90;85;b_urvaius;x;
66;86;74;71;b_spindelclutch;x;
67;63;54;52;b_dwynnen;x;
68;119;103;98;b_carigalen;x;
69;135;116;110;b_mesanthano;x;
70;45;188;76;b_merovec_folly;x;
71;27;86;40;b_emlyn;x;
72;55;173;81;b_penmarch;x;
73;104;94;15;b_kingslove;x;
74;119;107;17;b_eastings;x;
75;89;80;13;b_bhoriane;x;
76;6;84;23;b_kambria;x;
77;9;114;32;b_grimrock;x;
78;7;99;27;b_cryptwatch;x;
79;6;76;21;b_crosswych;x;
80;181;77;25;b_ebon_crypt;x;
81;255;108;35;b_cath_bedraud;x;
82;153;65;21;b_dking_guard;x;
83;216;92;30;b_parvault;x;
84;242;219;142;b_lord_way;x;
85;209;189;123;b_phrygias;x;
86;237;212;139;b_darguard;x;
87;224;202;132;b_thorvale;x;
88;215;174;232;b_flyleaf;x;
89;236;191;255;b_white_haven;x;
90;194;156;209;b_hencoas;x;
91;130;130;147;b_tamrith;x;
92;103;103;117;b_arteyn;x;
93;117;117;135;b_old_gate;x;
94;110;67;114;b_silverhoof;x;
95;123;123;140;b_valeguard;x;
96;75;34;142;b_faolchu;x;
97;130;111;107;b_king_redoubt;x;
98;63;99;88;b_crestshade;x;
99;77;119;106;b_bonduaic;x;
100;91;142;126;b_ravenwatch;x;
101;101;155;138;b_crestmine;x;
102;255;255;85;b_glandart;x;
103;224;224;76;b_irmgard;x;
104;193;193;65;b_manister;x;
105;33;130;130;b_macehead;x;
106;37;145;145;b_hinault;x;
107;27;107;107;b_shornhelm_cathedral;x;
108;17;68;68;b_shornhelm;x;
109;23;91;91;b_shornhelm_castle;x;
110;255;0;220;b_edesel;x;
111;193;38;173;b_dooomcrag;x;
112;193;0;167;b_varlasel;x;
113;0;119;89;b_boralis;x;
114;0;99;74;b_erokii;x;
115;32;142;113;b_veawend_ede;x;
116;135;113;91;b_trader_rest;x;
117;158;132;107;b_moira_hope;x;
118;107;90;72;b_oldhelm;x;
119;84;60;38;b_branquette_tor;x;
120;127;91;58;b_hoarfrost;x;
121;153;111;70;b_kalgon;x;
122;135;56;69;b_westmark_moor;x;
123;209;87;108;b_sanguine_barrows;x;
124;163;68;84;b_crypt_of_hearts;x;
125;0;0;0;IMPASSABLE;x;
126;89;109;79;b_obsidian_scar;x;
127;75;91;67;b_thorkan;x;
128;62;76;55;b_lorkrata;x;
129;114;97;78;b_ravenhurst;x;
130;96;82;66;b_edrald;x;
131;84;71;58;b_fell_run;x;
132;119;101;82;b_orc_finger;x;
133;93;119;0;b_old_fell;x;
134;73;94;0;b_normar_heights;x;
135;117;150;0;b_breaghafin;x;
136;22;58;94;b_eastrock_landing;x;
137;8;38;68;b_dorell_farms;x;
138;27;71;114;b_middlemarch;x;
139;31;80;130;b_dorell_castle;x;
140;9;42;76;b_northpoint;x;
141;56;0;117;b_aquilon;x;
142;69;0;142;b_westwind;x;
143;88;37;142;b_northsalt;x;
144;111;47;181;b_siren_cove;x;
145;14;145;62;b_aesar;x;
146;12;127;54;b_eyebright;x;
147;10;102;43;b_southgard;x;
148;41;41;41;WASTELAND;x;
149;65;147;224;WASTELAND;x;
150;61;47;19;b_dellese;x;
151;84;65;26;b_arkbrugh;x;
152;107;82;34;b_charen;x;
153;69;72;107;b_koeglin;x;
154;150;104;6;b_newgate;x;
155;108;112;153;b_broadbridge;x;
156;92;96;142;b_vanne;x;
157;117;121;165;b_nurin;x;
158;127;88;5;b_alcaire;x;
159;145;98;5;b_windridge;x;
160;173;120;6;b_gothleigh;x;
161;111;114;81;b_rotoc;x;
162;94;96;69;b_portdun;x;
163;79;81;58;b_firebrand;x;
164;100;107;27;b_steelheart;x;
165;129;137;35;b_bonesnap_runs;x;
166;143;153;39;b_traveler_rest;x;
167;54;86;48;b_turain;x;
168;90;142;79;b_farangel_keep;x;
169;72;114;64;b_ripcart;x;
170;100;158;88;b_birdsong;x;
171;142;82;8;b_hammerdeath;x;
172;165;95;9;b_charenfort;x;
173;127;73;7;b_fallford;x;
174;109;61;6;b_menevia;x;
175;71;193;189;b_pariah_abbey;x;
176;20;122;119;b_cumberland;x;
177;49;175;171;b_moonlit_maw;x;
178;49;158;154;b_norvulk;x;
179;72;78;130;b_farangel_landing;x;
180;47;50;84;b_dreughside;x;
181;38;41;68;b_wayrest_dock;x;
182;35;38;63;b_penton;x;
183;94;101;168;b_wayrest;x;
184;28;30;51;b_wayrest_castle;x;
185;72;73;36;b_gavaudon;x;
186;88;91;45;b_shinji_camp;x;
187;78;79;39;b_bearclaw;x;
188;158;108;58;b_bjoulsae;x;
189;168;115;62;b_weeping_giant;x;
190;119;82;44;b_orlais;x;
191;173;111;45;b_vermeir;x;
192;198;112;19;b_aphren_hold;x;
193;158;81;0;b_wind_keep;x;
194;75;107;46;b_cranargh;x;
195;84;119;51;b_derg;x;
196;64;91;39;b_shieldwall;x;
197;53;76;32;b_gortwog;x;
198;73;16;153;b_murcien;x;
199;92;38;168;b_halcyon;x;
200;108;45;196;b_mournoth;x;
201;95;38;168;b_bisnensel;x;
202;50;181;131;b_gjarma_rock;x;
203;21;150;100;b_jackdaw_cove;x;
204;34;122;90;b_dunkarn;x;
205;33;188;188;b_troll_toothpick;x;
206;22;122;122;b_kerbol;x;
207;28;158;158;b_silaseli;x;
208;58;73;153;b_northglen;x;
209;49;62;130;b_southglen;x;
210;55;70;145;b_blighted;x;
211;36;46;96;b_black_alley;x;
212;31;39;81;b_evermore;x;
213;43;55;114;b_evermore_castle;x;
214;114;170;121;b_strastnoc_landing;x;
215;100;150;106;b_pelin_yard;x;
216;145;216;153;b_sunken_road;x;
217;119;178;126;b_crypt_of_exiles;x;
218;198;123;182;b_verlai;x;
219;160;99;147;b_craon;x;
220;255;158;234;b_bangkorai;x;
221;125;135;39;b_saray;x;
222;105;114;33;b_morillon;x;
223;75;81;23;b_ephesus;x;
224;150;92;55;b_lakewatch;x;
225;135;82;50;b_viridian_watch;x;
226;119;73;44;b_forsaken_stronghold;x;
227;116;153;68;b_viridian_hideout;x;
228;101;142;51;b_viridian_hillside;x;
229;79;107;44;b_viridian_keep;x;
230;79;112;40;b_viridian_woods;x;
231;206;196;12;b_everplains;x;
232;168;157;10;b_broken_wing;x;
233;145;136;8;b_azra_crossing;x;
234;211;65;109;b_apprentice_rock;x;
235;168;52;87;b_blackheart;x;
236;193;60;100;b_torog_spite;x;
237;10;115;30;b_menoit_pass;x;
238;131;196;139;b_fallen_grotto;x;
239;150;117;84;b_berard;x;
240;122;95;68;b_port_duncreek;x;
241;96;73;42;b_old_orsinium;x;
242;119;90;52;b_shipwreck_cove;x;
243;135;102;59;b_thukhozod_sanctum;x;
244;175;133;77;b_linsfort;x;
245;150;145;97;b_paragon_remembrance;x;
246;135;130;87;b_friendship_gate;x;
247;81;78;53;b_watcher_hold;x;
248;114;110;74;b_grudgerock_falls;x;
249;99;93;46;b_honor_rest;x;
250;130;123;61;b_boreal_forge;x;
251;84;78;39;b_dorven;x;
252;122;114;57;b_frostbreak;x;
253;75;94;137;b_aquerock;x;
254;42;51;76;b_graystone;x;
255;88;110;160;b_nikolvara;x;
256;68;84;124;b_merchant_gate;x;
257;188;105;132;b_stonefield;x;
258;165;92;118;b_exile_barrow;x;
259;137;77;97;b_fearn;x;
260;130;112;91;b_indeval;x;
261;163;140;114;b_caergil;x;
262;153;133;107;b_argent_mine;x;
263;84;72;58;b_morkul;x;
264;7;43;4;b_cattleswine;x;
265;4;25;2;b_kurog;x;
266;10;63;7;b_temple_of_ire;x;
267;8;51;5;b_skalar_outskirts;x;
268;68;89;5;b_clegain;x;
269;53;68;4;b_bonerock;x;
270;63;81;4;b_cambrian;x;
271;46;117;78;b_forlorn_watch;x;
272;35;89;60;b_royan;x;
273;29;73;50;b_shatul_range;x;
274;117;100;83;b_coldperch;x;
275;135;116;95;b_cloudspring;x;
276;81;70;57;b_rkindaleft;x;
277;0;102;112;b_ravenspring;x;
278;0;88;96;b_fylmain;x;
279;0;70;76;b_karthgran;x;
280;61;91;104;b_morkuldin;x;
281;78;116;132;b_nyzchaleft;x;
282;73;109;124;b_zthenganaz;x;
283;45;67;76;b_dunlain;x;
284;37;77;94;b_malacath_sanctuary;x;
285;18;37;45;b_fharun;x;
286;32;66;81;b_fharun_stronghold;x;
287;27;55;68;b_hasteinn;x;
288;29;59;73;b_dunoc;x;
289;116;130;15;b_sorrow;x;
290;144;158;44;b_navare;x;
291;105;119;0;b_lesperon;x;
292;96;145;18;b_vendia;x;
293;81;122;15;b_uttara;x;
294;42;63;8;b_jehanna;x;
295;56;84;10;b_pathenia;x;
296;71;107;13;b_kosala;x;
297;193;62;62;b_grayhome;x;
298;6;38;4;b_scarp_keep;x;
299;153;105;76;b_wether_cleft;x;
300;99;68;49;b_damar;x;
301;137;95;68;b_gifar;x;
302;122;84;61;b_aland;x;
303;239;139;76;b_old_tower;x;
304;224;130;71;b_craggate;x;
305;255;148;81;b_basking_grounds;x;
306;201;114;64;b_fallen_wastes;x;
307;127;71;36;b_klathzgar;x;
308;165;93;48;b_unhallowed_graves;x;
309;150;84;43;b_thieve_oasis;x;
310;62;193;81;b_baelborne_rock;x;
311;181;142;101;b_garret;x;
312;168;214;255;Bjoulsae Mouth;x;
313;127;165;198;Wayrest Coast;x;
314;107;140;168;Thorstad Coast;x;
315;165;213;255;Tava Coast;x;
316;163;212;255;Bhoriane Coast;x;
317;69;141;204;Gradkeep Bayou;x;
318;110;145;173;Sentinel Coast;x;
319;55;120;153;Shalgora Coast;x;
320;39;64;114;Pothago Coast;x;
321;54;112;160;Betony Channel;x;
322;58;119;173;Gora Coast;x;
323;64;130;188;Dragon Turn;x;
324;52;107;155;Glenpoint Coast;x;
325;70;135;196;Glenumbra Bay;x;
326;67;139;198;Daggerfall Coast;x;
327;78;161;229;Miltrin Coast;x;
328;66;156;229;Ykalon Coast;x;
329;64;150;221;Balefire Coast;x;
330;49;135;206;Phryrgias Coast;x;
331;59;140;206;Whitehaven Coast;x;
332;65;157;226;Irmgard Coast;x;
333;111;176;226;Boralis Coast;x;
334;44;107;153;Veawend Bay;x;
335;21;98;153;Northsalt Bay;x;
336;0;89;153;Sea of Ghosts (1);x;
337;71;142;204;Sea of Ghosts (2);x;
338;0;65;112;Siren Coast;x;
339;0;132;226;Northpoint Coast;x;
340;79;172;255;Dorell Coast;x;
341;56;162;255;Eastrock Coast;x;
342;102;183;255;Duncreek Coast;x;
343;147;205;255;Shipwreck Bay;x;
344;181;221;255;Stone Coast;x;
345;0;88;160;Argent Coast;x;
346;35;156;255;South Breton Sea;x;
347;23;101;165;Breton Sea;x;
348;34;93;142;North Breton Sea;x;
349;144;177;204;Ayasofya Coast;x;
350;70;145;205;Balfiera Channel;x;
351;55;115;170;Tulune Coast;x;
352;173;198;219;Sea of Ghosts (3);x;
353;93;158;211;Sea of Ghosts (4);x;
354;151;200;219;Sea of Ghosts (5);x;
355;0;71;130;Karthgran Coast;x;
356;0;65;119;Dunoc Strait;x;
357;171;197;219;Fharun Coast;x;
358;155;190;219;Jehanna Bay;x;
359;123;153;175;Sea of Ghosts (6);x;
360;31;79;119;Sea of Ghosts (7);x;
361;124;194;255;Sea of Ghosts (8);x;
362;76;152;219;Sea of Ghosts (9);x;
363;86;176;255;Sea of Ghosts (10);x;
364;78;158;229;Sea of Ghosts (11);x;
365;81;165;239;Sea of Ghosts (12);x;
366;138;176;204;Volkihar Coast;x;
367;128;159;181;Northwatch Coast;x;
368;175;230;255;Motalion Coast;x;
369;143;186;224;Dellese Strait;x;
370;67;77;153;Betony Coast;x;
371;82;153;211;Lower Bjoulsae River;x;
372;90;160;205;Upper Bjoulsae River;x;
373;80;150;205;Halcyon Lake;x;
374;221;107;62;b_hall_of_heroes;x;
375;239;116;67;b_aruhir;x;
376;196;94;56;b_razak_wheel;x;
377;255;123;71;b_onsi_breath;x;
378;135;78;54;b_qharroa;x;
379;155;88;62;b_yanurah_respite;x;
380;175;98;70;b_firouz;x;
381;188;109;75;b_telesubi;x;
382;178;142;107;b_twin_arches;x;
383;189;151;113;b_ashabahs_oasis;x;
384;158;126;94;b_sacred_springs;x;
385;173;126;83;b_desertsun_works;x;
386;135;98;64;b_howler_nook;x;
387;119;87;57;b_hallin_keep;x;
388;150;110;72;b_ojwambu;x;
389;165;121;79;b_snakeskin;x;
390;163;151;113;b_nilata;x;
391;198;183;139;b_rubble_butte;x;
392;209;135;39;b_cilantar;x;
393;186;120;35;b_ragad;x;
394;198;134;37;b_gastad;x;
395;142;94;27;b_thorstad;x;
396;173;114;32;b_kalhir;x;
397;255;187;160;b_rhanano;x;
398;168;123;106;b_tasiio;x;
399;188;138;118;b_al_java;x;
400;196;183;72;b_volenfell;x;
401;214;200;79;b_darius;x;
402;206;193;76;b_yldzuun;x;
403;181;168;32;b_ko_raga;x;
404;142;133;25;b_hoonding_watch;x;
405;206;192;37;b_sandblown_mine;x;
406;135;123;0;b_saltwater;x;
407;86;78;0;b_kozanset;x;
408;102;91;0;b_onda;x;
409;173;164;100;b_totambu;x;
410;206;196;119;b_coldrock_diggings;x
411;188;179;109;b_motalion;x;
412;122;116;70;b_satakalam;x
413;112;41;39;b_bergama;x;
414;181;67;63;b_aldunz;x;
415;135;50;47;b_duneripper_downs;x;
416;158;58;55;b_ogre_bluff;x;
417;165;132;39;b_kulati_mines;x;
418;209;166;50;b_artisan_oasis;x;
419;186;148;44;b_leki_blade;x;
420;160;135;65;b_sep_spine;x;
421;140;117;58;b_rkulftzel;x;
422;181;152;74;b_aswala;x;
423;119;100;49;b_lainlyn;x;
424;109;84;8;b_myrkwasa;x;
425;150;115;12;b_hatiha;x;
426;165;127;13;b_divad_mine;x;
427;165;137;51;b_tuwacca_throne;x;
428;118;92;249;b_salas_en;x;
429;109;84;229;b_morwha_bounty;x;
430;97;66;255;b_santaki;x;
431;55;33;165;b_alezer_kotu;x;
432;228;142;255;b_totambu_quay;x;
433;206;129;232;b_ancestor_landing;x;
434;196;103;224;b_sentinel;x;
435;92;1;119;b_samuruik;x;
436;172;2;224;b_wayfarer_wharf;x;
437;147;1;191;b_cybiades;x;
438;204;192;153;b_katrica;x;
439;153;144;114;b_ayasofya;x;
440;204;171;83;b_forsaken_hearts;x;
441;195;180;115;b_king_rest;x;
442;145;116;42;b_pothago;x;
443;186;148;53;b_bamenda;x;
444;219;175;63;b_kairou;x;
445;219;189;114;b_chasetown;x;
446;165;142;87;b_sunkeep;x;
447;211;181;112;b_kumasi;x;
448;196;168;104;b_togori;x;
449;232;105;67;b_dosso;x;
450;255;116;73;b_mopti;x;
451;168;74;48;b_shady_sands;x;
452;255;96;48;b_onitsha;x;
453;206;75;39;b_lagos;x;
454;85;64;78;b_kogmentist;x;
455;160;137;80;b_gora;x;
456;135;114;67;b_ayalah;x;
457;109;94;54;b_abidon;x;
458;101;137;81;b_arguin;x;
459;77;104;61;b_bloodhorn;x;
460;90;122;72;b_tura;x;
461;165;46;9;b_rahim;x;
462;150;42;9;b_odzala;x;
463;127;35;7;b_pellame;x;
464;158;146;120;b_arlimahera_palace;x;
465;94;87;71;b_assi;x;
466;73;68;55;b_hegathe;x;
467;165;0;24;b_knifepoint_hollow;x;
468;5;53;2;b_herne;x;
469;7;76;3;b_daein;x;
470;10;99;3;b_zakouma;x;
471;18;150;6;b_berbera;x;
472;14;119;4;b_cespar;x;
473;69;160;70;b_kernite;x;
474;62;145;63;b_veldspar;x;
475;52;122;53;b_jaspet;x;
476;155;193;65;b_ngasta;x;
477;104;0;15;b_stirk;x;
478;83;104;35;b_port_hunding;x;
479;120;150;50;b_bthzark;x;
480;100;124;42;b_saintsport;x;
481;9;150;77;b_dragon_teeth;x;
482;8;135;69;b_dragonhorn;x;
483;6;107;55;b_kenema;x;
484;5;84;44;b_kelps_yat;x;
485;140;130;106;b_chatan;x;
486;127;118;96;b_morwha_rest;x;
487;150;120;99;b_tarhuk;x;
488;80;65;50;b_pharos;x;
489;181;90;88;b_mandal;x;
490;160;80;78;b_karjan;x;
491;204;101;99;b_rex;x;
492;119;59;58;b_shadymarch;x;
493;142;22;19;b_bodeli;x;
494;173;26;24;b_jobat;x;
495;132;20;18;b_lainebon;x;
496;130;51;48;b_lusall;x;
497;150;58;55;b_nizwa;x;
498;117;45;44;b_aloyun;x;
499;81;31;30;b_gilane;x;
500;104;40;38;b_firuza;x;
501;188;140;98;b_khefrem_leg;x;
502;160;119;83;b_hnas;x;
503;96;81;33;b_prince_gate;x;
504;163;140;57;b_bahraha_gloom;x;
505;114;97;40;b_lost_pavillion;x;
506;140;120;49;b_narkhed;x;
507;81;52;27;b_sulima;x;
508;63;40;21;b_hubalajad_palace;x;
509;94;60;32;b_abah_landing;x;
510;117;74;39;b_dawnlight;x;
511;140;89;47;b_hubalajad_reflection;x;
512;170;55;90;b_oxham;x;
513;216;169;138;b_thrall_cove;x;
514;198;154;127;b_placations_of_zeht;x;
515;214;153;113;b_hew_shutter;x;
516;173;124;91;b_shark_teeth;x;
517;255;181;135;b_forebear_junction;x;
518;206;121;64;b_ko_estaran;x;
519;255;149;79;b_tava_beak;x;
520;191;73;0;b_hew_port;x;
521;137;52;0;b_no_shira;x;
522;170;65;0;b_shira_works;x;
523;73;132;221;Eltheric Ocean (1);x;
524;53;119;224;Eltheric Ocean (2);x;
525;63;175;255;Herne Coast;x;
526;53;134;196;Daein Coast;x;
527;45;106;153;Cespar Coast;x;
528;84;135;173;Berbera Coast;x;
529;68;158;226;Abecean Sea (1);x;
530;61;142;204;Brothers Strait;x;
531;102;149;221;Abecean Sea (2);x;
532;49;122;178;Abecean Sea (3);x;
533;59;145;211;Abecean Sea (4);x;
534;63;133;193;Abecean Sea (5);x;
535;53;115;163;Abecean Sea (6);x;
536;58;136;196;Chain Bay;x;
537;47;100;140;Kermite Coast;x;
538;42;90;127;Veldspar Coast;x;
539;37;80;114;Jaspet Coast;x;
540;74;147;211;Kelps Coast;x;
541;82;163;234;Hegathe Coast;x;
542;49;105;150;Pharos Coast;x;
543;65;138;198;Abecean Sea (7);x;
544;65;138;178;Spine Coast;x;
545;86;132;173;Abecean Sea (8);x;
546;95;155;239;Hunding Bay;x;
547;87;140;219;Hunding Coast;x;
548;103;150;225;Abecean Sea (9);x;
549;41;67;119;Pellame Coast;x;
550;100;167;219;Shady Bay;x;
551;117;195;255;Gilane Coast;x;
552;81;182;255;Abecean Sea (10);x;
553;102;191;255;Booting Bay;x;
554;42;138;211;Thrall Bay;x;
555;114;156;193;Abecean Sea (11);x;
556;50;170;255;Taneth Coast;x;
557;119;111;89;b_bagodar;x;
558;104;97;78;b_dakfron;x;
559;132;123;99;b_vulnim_gate;x;
560;150;158;90;b_medaram;x;
561;128;135;77;b_chandra;x;
562;99;104;59;b_sekunder;x;
563;127;117;95;b_nvomu;x;
564;150;139;112;b_garoowe;x;
565;112;103;84;b_riverview;x;
566;255;197;132;b_jabot;x;
567;196;152;102;b_naktara;x;
568;175;136;91;b_danobia;x;
569;219;162;70;b_adipur;x;
570;255;188;81;b_devisar;x;
571;175;132;56;b_oran;x;
572;118;90;158;b_trybador;x;
573;191;145;255;b_hartcroft;x;
574;85;65;114;b_granveilusa;x;
575;37;128;190;Laine Bay;x;
576;52;150;216;Prince Coast;x;
577;69;157;216;Sulima Coast;x;
578;81;185;255;Oran Coast;x;
579;0;108;181;Danobia Coast;x;
580;142;210;255;Hew's Bay;x;
581;158;12;22;b_jevit;x;
582;173;15;23;b_teth;x;
583;145;11;18;b_gourt;x;
584;168;13;21;b_muha;x;
585;135;18;57;b_dunje;x;
586;73;10;31;b_syut;x;
587;112;15;47;b_yola;x;
588;107;14;44;b_thanesh;x;
589;84;31;74;b_schogan;x;
590;84;31;93;b_foth;x;
591;95;35;102;b_taleskan;x;
592;84;31;116;b_chamba;x;
593;84;31;151;b_kenga;x;
594;84;31;181;b_ndeut;x;
595;179;45;191;b_valut;x;
596;191;48;204;b_sarh;x;
597;157;40;168;b_sora;x;
598;212;54;226;b_laur;x;
599;142;45;124;b_penesh;x;
600;119;38;104;b_lisala;x;
601;165;53;145;b_wara;x;
602;181;57;158;b_ko_ranhu;x;
603;96;31;84;b_baut;x;
604;250;97;120;b_chinaga;x;
605;226;88;111;b_waled;x;
606;239;93;120;b_ndeme;x;
607;204;79;100;b_taaf;x;
608;255;99;127;b_lagon;x;
609;135;91;126;b_port_hira;x;
610;165;112;155;b_vehtar;x;
611;150;102;140;b_lhar;x;
612;173;117;162;b_nar_shad;x;
613;71;34;4;b_hibon;x;
614;86;41;5;b_cor_el;x;
615;56;27;3;b_yul;x;
616;117;56;7;b_tavesh;x;
617;102;49;6;b_geth;x;
618;71;42;61;b_coru_scar;x;
619;112;67;96;b_zaria;x;
620;124;74;107;b_gobir;x;
621;74;63;137;b_daura;x;
622;62;52;114;b_kefrat;x;
623;70;59;130;b_rhano;x;
624;86;38;69;b_zarmunda;x;
625;102;44;82;b_kano;x;
626;117;51;94;b_katsina;x;
627;132;58;106;b_ketar;x;
628;155;117;178;b_bewait;x;
629;141;107;163;b_rhasakan;x;
630;168;127;193;b_rosser;x;
631;160;19;132;b_sabut;x;
632;183;22;151;b_shora;x;
633;140;96;92;b_tagon;x;
634;163;112;107;b_diut;x;
635;178;122;117;b_elech;x;
636;201;138;132;b_rhura;x;
637;186;128;122;b_ukwuz;x;
638;84;61;79;b_kyana;x;
639;99;72;94;b_legand;x;
640;114;83;108;b_ofar;x;
641;137;100;130;b_kora;x;
642;51;27;96;b_safan;x;
643;70;41;122;b_kribi;x;
644;77;45;135;b_kalya;x;
645;96;57;168;b_lumut;x;
646;117;11;39;b_irranhu;x;
647;96;9;31;b_soko;x;
648;109;10;37;b_kana;x;
649;127;61;7;b_hadeija;x;
650;142;68;8;b_zazau;x;
651;150;72;9;b_jumia;x;
652;94;59;2;b_fulan;x;
653;117;73;3;b_bakwei;x;
654;132;83;3;b_porfan;x;
655;145;50;72;b_atta;x;
656;112;39;56;b_moni;x;
657;188;27;18;b_hormoz;x;
658;173;25;17;b_cata;x;
659;150;21;15;b_hajjia;x;
660;67;58;170;b_yamauri;x;
661;61;52;155;b_makan;x;
662;65;55;178;b_kebbi;x;
663;75;66;178;b_zamfara;x;
664;119;52;113;b_nupe;x;
665;158;69;149;b_kufan;x;
666;181;79;170;b_gwari;x;
667;106;51;119;b_asil_ija;x;
668;126;61;142;b_kasa;x;
669;140;67;158;b_teke;x;
670;163;40;93;b_aradesh;x;
671;178;44;102;b_marwari;x;
672;147;36;85;b_dragan;x;
673;156;77;181;b_kardesh;x;
674;176;87;204;b_djoset;x;
675;77;39;89;b_klithi;x;
676;119;59;137;b_ishma_azad;x;
677;142;117;129;b_losh;x;
678;122;94;108;b_mabir;x;
679;86;71;78;b_kevalla;x;
680;114;41;114;b_karfan;x;
681;91;33;91;b_azid;x;
682;56;20;56;b_zanzar;x;
683;78;41;114;b_shasa;x;
684;109;57;160;b_nkay;x;
685;124;66;183;b_stur;x;
686;62;33;91;b_nalonga;x;
687;53;14;29;b_bawo;x;
688;76;21;42;b_nidur;x;
689;107;29;59;b_khamsa;x;
690;22;80;86;b_asil_yelir;x;
691;17;64;68;b_fanir;x;
692;0;61;68;b_ravan_tower;x;
693;0;41;45;b_cronesh;x;
694;0;75;84;b_mammyl;x;
695;0;96;107;b_nocri;x;
696;5;95;60;b_mahut;x;
697;4;71;44;b_varkesh;x;
698;6;86;54;b_hiut;x;
699;27;98;114;b_kutu;x;
700;127;84;67;b_helgate;x;
701;109;72;58;b_heldorn;x;
702;96;29;0;b_aleru;x;
703;73;22;0;b_skaven;x;
704;119;35;0;b_kulpak;x;
705;135;40;0;b_rajapet;x;
706;112;82;26;b_cliff_keep;x;
707;135;99;32;b_cilla_karak;x;
708;150;110;36;b_ngiro;x;
709;158;81;49;b_ko_dharma;x;
710;142;73;44;b_outamba;x;
711;117;59;36;b_helkori;x;
712;61;69;76;b_bercast;x;
713;48;55;61;b_verkarth;x;
714;79;89;99;b_ko_chad;x;
715;67;76;84;b_diagnad;x;
716;139;126;191;b_ret_aki;x;
717;103;94;142;b_aruhir;x;
718;108;122;137;b_sobatu;x;
719;84;95;107;b_karnver;x;
720;153;121;91;b_walata;x;
721;130;103;78;b_riverpoint;x;
722;145;137;95;b_roukard;x;
723;183;173;121;b_wadathe;x;
724;181;111;88;b_jamul;x;
725;99;91;64;b_tark;x;
726;173;160;112;b_tawia;x;
727;119;74;58;b_masad;x;
728;158;97;77;b_khesar;x;
729;160;148;104;b_reachmore;x;
730;122;113;79;b_duafut;x;
731;145;134;94;b_al_ain;x;
732;107;98;69;b_taneth;x;
733;168;155;109;b_hasamir;x;
734;153;141;99;b_valowe;x;
735;123;155;59;b_kabara;x;
736;135;170;64;b_al_gasba;x; 
737;105;132;50;b_dokan;x;
738;80;102;38;b_roseguard;x;
739;142;135;119;b_opapa;x;
740;104;99;87;b_north_hall;x;
741;127;121;107;b_assabu;x;
742;140;125;91;b_lemoor;x;
743;124;111;81;b_gaunlet;x;
744;109;98;71;b_nobleshead;x;
745;94;84;61;b_stonemoor;x;
746;114;71;73;b_chiggre;x;
747;91;56;58;b_hafar;x;
748;130;80;83;b_erigavo;x;
749;145;90;92;b_ifat;x;
750;115;122;50;b_corten_mont;x;
751;136;145;59;b_mayd;x;
752;151;160;65;b_mashid;x;
753;168;132;48;b_dihar;x;
754;153;120;44;b_aidhab;x;
755;183;144;53;b_sidhu;x;
756;178;146;76;b_skriu;x;
757;204;169;87;b_hurdha;x;
758;158;131;67;b_dorgola;x;
759;127;105;54;b_brena;x;
760;181;160;112;b_matama;x;
761;196;173;121;b_napata;x;
762;211;187;131;b_dobaa;x;
763;186;128;5;b_nwarhu;x;
764;201;139;6;b_kilpawn;x;
765;140;97;4;b_rihad;x;
766;170;118;5;b_kampala;x;
767;155;107;4;b_assini;x;
768;158;130;113;b_jandal;x;
769;255;210;183;b_hargeysa;x;
770;224;184;161;b_al_dak;x;
771;150;127;73;b_chaseguard;x;
772;173;146;84;b_ko_jiga;x;
773;196;166;96;b_dahlak;x;
774;51;155;224;Abah Coast;x;
775;69;171;239;Jandal Coast;x;
776;61;169;237;Dawnlight Coast;x;
777;97;183;237;Chaseguard Coast;x;
778;54;137;188;Hew's Gate;x;
779;99;171;216;Rihad Coast;x;
780;47;162;239;Shira Coast;x
781;73;182;255;Shira Bay;x
782;114;156;214;Estaran Coast;x
783;114;174;214;Shark Bay;x
784;43;147;216;Brena Mouth;x
785;156;192;225;Oran River;x;
786;81;151;198;Taneth River;x;
787;98;152;188;Rose River;x;
788;37;128;188;Rihad River;x;
789;92;181;237;Lower Brena River;x;
790;135;198;237;Brena River;x;
791;177;214;237;Upper Brena River;x
792;135;210;237;Hafar River;x
793;36;132;154;b_siuol;x;
794;116;163;204;Abecean Sea (12);x;
795;63;138;198;Caecilly Coast;x;
796;43;96;80;b_sharrukim;x;
797;55;82;91;b_meroe;x;
798;22;51;42;b_haran;x;
799;27;67;81;b_vulkneu;x;
800;31;76;91;b_mahoi;x;
801;33;51;28;b_agadem;x;
802;54;81;44;b_giroken;x;
803;107;94;46;b_ko_gavo;x;
804;91;81;39;b_djenne;x;
805;89;67;24;b_helland;x;
806;99;75;26;b_daarqab;x;
807;145;128;62;b_hadaf;x;
808;122;107;52;b_sojenne;x;
809;45;66;73;b_lacryma;x;
810;59;87;96;b_buduq;x;
811;163;43;6;b_nippur;x;
812;186;49;7;b_ko_gate;x;
813;130;34;5;b_stonedale;x;
814;147;39;5;b_borsippa;x;
815;99;43;37;b_ahvaz;x;
816;158;69;60;b_arasim;x;
817;137;60;52;b_amud;x;
818;198;198;198;b_snowline;x;
819;214;214;214;b_dragonwall;x;
820;141;138;170;b_dragonwing;x;
821;86;84;104;b_dragonstar;x;
822;99;79;79;b_crossroads;x;
823;98;97;119;b_dragonfields;x;
824;115;113;140;b_dragongate;x;
825;147;147;147;b_fearfang;x;
826;173;173;173;b_sunken_lair;x;
827;137;110;110;b_sanctum_ophidia;x;
828;114;91;91;b_lothna;x;
829;101;101;135;b_skypinnacle;x;
830;74;74;99;b_lauma;x;
831;112;112;150;b_skycrypt;x;
832;94;79;79;b_darastra;x;
833;79;66;66;b_twice_born_star;x;
834;63;53;53;b_skyreach_hold;x;
835;196;144;113;b_earthtear;x;
836;142;104;82;b_lankara;x; 
837;170;125;100;b_buried_sands;x;
838;175;91;125;b_shada_tear;x;
839;191;99;136;b_kardala;x;
840;221;115;157;b_west_gate;x;
841;206;107;147;b_ankara_crucible;x;
842;209;131;98;b_mtharnaz;x;
843;175;110;82;b_hel_ra;x;
844;224;141;105;b_taborra;x;
845;188;104;79;b_thunder_falls;x;
846;150;83;63;b_rkhardahrk;x;
847;127;70;53;b_seeker_archive;x;
848;173;96;72;b_ankara_mettle;x;
849;168;140;100;b_ankara_vigil;x;
850;145;121;87;b_na_totambu;x;
851;122;102;73;b_rahniza;x;
852;183;153;110;b_zalgaz;x;
853;175;136;117;b_star_gazer;x;
854;153;118;102;b_belkarth;x;
855;191;148;128;b_wakinfall;x;
856;206;159;138;b_reinhold_retreat;x;
857;119;35;59;b_exarch_stronghold;x;
858;145;43;72;b_abdir;x;
859;183;55;91;b_khara;x;
860;142;88;109;b_howling_sepulcher;x;
861;158;98;121;b_illthag_undertower;x;
862;181;112;138;b_eastern_crag;x;
863;209;71;96;b_modai;x;
864;244;83;112;b_hircine_haunt;x;
865;186;63;85;b_spellscar;x;
866;148;114;173;b_proving_ground;x;
867;89;69;104;b_chiselshriek;x;
868;129;99;150;b_lake_of_teeth;x;
869;109;84;127;b_inazzur_hold;x;
870;158;55;11;b_nimbel_moor;x;
871;204;71;14;b_rkundzelft;x;
872;181;63;12;b_haddock_market;x;
873;188;123;62;b_aramir;x;
874;156;100;50;b_ko_caele;x;
875;165;108;54;b_balamath;x;
876;150;98;49;b_high_hall;x;
877;153;67;36;b_molavar;x;
878;175;77;42;b_bienne;x;
879;191;84;45;b_domus_phrasticus;x;
880;76;33;18;b_elinhir;x;
881;130;57;31;b_apex_tower;x;
882;99;44;23;b_elinhir_keep;x;
883;153;12;16;b_rimwatch;x;
884;175;14;19;b_tavawn;x;
885;5;5;5;daggerfall_mountains;x;
886;10;10;10;silumm_mountains;x;
887;61;61;61;beldama_mountains;x;
888;15;15;15;glenumbra_mountains;x;
889;1;1;1;bhoriane_mountains;x;
890;40;40;40;phryrgias_mountains;x;
891;53;53;53;kambria_mountains;x;
892;28;28;28;tamrith_mountains_1;x;
893;35;35;35;tamrith_mountains_2;x;
894;58;58;58;alcaire_mountains;x;
895;2;2;2;doomcrag_mountains;x;
896;6;6;6;doomcrag_mountains_2;x;
897;0;6;6;boralis_mountains;x;
898;6;6;0;lorkrata_mountains;x;
899;6;0;6;wrothgar_mountains_1;x;
900;9;0;6;wrothgar_mountains_2;x;
901;9;3;6;wrothgar_mountains_3;x;
902;9;6;6;wrothgar_mountains_4;x;
903;9;9;6;wrothgar_cliff_1;x;
904;9;9;3;wrothgar_cliff_2;x;
905;2;3;9;wrothgar_cliff_3;x;
906;3;9;9;wrothgar_cliff_4;x;
907;3;6;9;sorrow_mountain;x;
908;3;5;9;fharun_mountain;x;
909;3;4;9;fharun_isle;x;
910;3;3;9;bangkorai_mountains_1;x;
911;3;2;9;bangkorai_mountains_2;x;
912;3;1;9;bangkorai_mountains_3;x;
913;3;0;9;bangkorai_mountains_4;x;
914;2;0;9;bangkorai_mountains_5;x;
915;2;1;9;bangkorai_mountains_6;x;
916;2;2;9;bangkorai_mountains_7;x;
917;4;1;9;bangkorai_mountains_8;x;
918;2;4;9;bangkorai_mountains_9;x;
919;72;153;219;hammerfell_lakes;x;
920;2;5;9;alikr_mountains_1;x;
921;2;6;9;alikr_mountains_2;x;
922;2;7;9;alikr_mountains_3;x;
923;2;8;9;alikr_mountains_4;x;
924;2;9;9;alikr_mountains_5;x;
925;2;10;9;alikr_desert_1;x;
926;2;11;9;alikr_desert_2;x;
927;2;12;9;alikr_desert_3;x;
928;2;13;9;alikr_desert_4;x;
929;2;14;9;alikr_desert_5;x;
930;2;15;9;alikr_desert_6;x;
931;3;15;9;alikr_desert_7;x;
932;3;14;9;alikr_desert_8;x;
933;3;13;9;khefrem_mountains_1;x;
934;3;12;9;khefrem_mountains_2;x;
935;3;11;9;khefrem_mountains_3;x;
936;3;10;9;dragon_teeth_mountains_1;x;
937;4;0;9;dragon_teeth_mountains_2;x;
938;3;8;9;dragon_teeth_mountains_3;x;
939;3;7;9;dragon_teeth_mountains_4;x;
940;4;2;9;dragon_teeth_mountains_5;x;
941;4;3;9;craglorn_mountains_1;x;
942;4;4;9;craglorn_mountains_2;x;
943;4;5;9;craglorn_mountains_3;x;
944;4;6;9;craglorn_mountains_4;x;
945;4;7;9;craglorn_mountains_5;x;
946;4;8;9;craglorn_mountains_6;x;
947;4;9;9;spellscar;x;
948;4;10;9;craglorn_mountains_7;x;
949;4;11;9;craglorn_mountains_8;x;
950;4;12;9;craglorn_mountains_9;x;
951;4;13;9;craglorn_mountains_10;x;
952;4;14;9;craglorn_mountains_11;x;
953;4;15;9;craglorn_mountains_12;x;
954;4;15;8;druadach_mountains_1;x;
955;4;15;7;yokuda_mountains_1;x;
956;4;15;6;yokuda_mountains_2;x;
957;4;15;5;yokuda_mountains_3;x;
958;4;15;4;yokuda_mountains_4;x;
959;0;0;104;b_sunderstone;x;
960;0;0;153;b_bilegulch;x;
961;0;0;183;b_glenvale;x;
962;26;41;84;b_bannermist;x;
963;35;52;109;b_half-moon;x;
964;42;63;132;b_knifepoint;x;
965;8;137;25;b_evergreen;x;
966;11;183;31;b_falkreath_watch;x;
967;11;193;32;b_cracked_tusk;x;
968;13;221;34;b_twilight_sepulcher;x;
969;94;81;193;b_falkreath;x;
970;95;88;160;b_shriekwind;x;
971;142;135;193;b_peak_shade;x;
972;182;170;255;b_halldir;x;
973;208;201;255;b_morgate;x;
974;19;62;68;b_bloodlet;x;
975;49;159;175;b_ancestor_glade;x;
976;35;115;127;b_bonechill;x;
977;130;37;100;b_lakeview;x;
978;255;73;197;b_pinewatch;x;
979;198;99;167;b_haigar;x;
980;170;59;76;b_helgen;x;
981;216;80;102;b_embershard;x;
982;255;94;118;b_dunmarch;x;
983;193;65;89;b_skybound;x;
984;122;9;11;b_orphan_rock;x;
985;150;12;14;b_falkenstein;x;
986;146;138;150;b_neugrad;x;
987;168;159;173;b_greywater;x;
988;133;126;137;b_southfringe;x;
989;187;178;193;b_pale_pass;x;
990;66;135;196;skyrim_lakes;x;
991;255;80;22;b_ilinalta;x;
992;104;31;9;b_brittleshin;x;
993;173;94;71;b_bleak_falls;x;
994;160;114;73;b_haemar_shame;x;
995;204;145;93;b_lion_pass;x;
996;119;32;33;b_taarengrav;x;
997;181;59;61;b_bhtalft;x;
998;150;40;42;b_arcwind;x;
999;196;76;78;b_autumnwatch;x;
1000;255;154;53;b_honeystrand;x;
1001;224;129;33;b_grethel_vigil;x;
1002;224;112;0;b_nimalten;x;
1003;255;131;0;b_valtgard;x;
1004;0;140;72;b_angarvunde;x;
1005;7;132;72;b_honrich;x;
1006;0;112;59;b_heartwood;x;
1007;46;145;97;b_avanchnzel;x;
1008;74;81;219;b_trollslayer_gully;x;
1009;59;63;175;b_largashbur;x;
1010;118;122;0;b_snowshod;x;
1011;147;153;0;b_darklight_tower;x;
1012;184;191;0;b_frostmoon;x;
1013;221;229;0;b_goldenglow;x;
1014;32;204;132;b_rkund;x;
1015;23;145;94;b_crystaldrift;x;
1016;28;175;114;b_jendusil_claw;x;
1017;0;156;181;b_smokefrost;x;
1018;69;186;204;b_gromm_pass;x;
1019;18;139;158;b_forelhost;x;
1020;75;55;104;b_fullhelm;x;
1021;113;83;158;b_broken_helm;x;
1022;101;74;140;b_stendarr_beacon;x;
1023;7;93;142;b_ivarstead;x;
1024;10;134;211;b_geirmund_hall;x;
1025;43;116;155;b_pinepeak;x;
1026;54;144;196;b_nilheim;x;
1027;255;147;242;b_smapleg;x;
1028;255;96;236;b_sarethi;x;
1029;255;124;239;b_riftwatch;x;
1030;206;39;187;b_treva_watch;x;
1031;226;147;97;b_clearspring_tarn;x;
1032;226;131;72;b_northwind;x;
1033;247;134;64;b_apprentice_glade;x;
1034;255;97;0;b_vernim_woods;x;
1035;168;74;81;b_boulderfall;x;
1036;135;41;48;b_autumnshade;x;
1037;168;48;62;b_faldar_tooth;x;
1038;31;173;83;b_greenwall;x;
1039;45;255;122;b_champion_rest;x;
1040;47;206;105;b_last_vigil;x;
1041;56;102;124;b_redbelly;x;
1042;42;91;114;b_ruunvald;x;
1043;94;19;198;b_merryfair;x;
1044;82;17;173;b_tsun_hold;x;
1045;69;14;142;b_riften;x;
1046;85;45;145;b_mara_grace;x;
1047;82;40;140;b_mistveil_keep;x;
1048;192;90;196;b_fallowstone;x;
1049;162;76;165;b_lost_prospect;x;
1050;119;46;122;b_blackbriar;x;
1051;45;82;99;b_shor_stone;x;
1052;50;110;137;b_fallowhall;x;
1053;71;129;158;b_shor_watch;x;
1054;58;118;170;eastmarch_geysers;x;
1055;221;153;133;b_volunhall;x;
1056;198;137;119;b_shorrun;x;
1057;175;121;105;b_whitestone;x;
1058;153;106;91;b_snowgrad;x;
1059;147;56;94;b_jarnmalm;x;
1060;193;73;123;b_fagrskinna;x;
1061;170;64;109;b_porsgrun;x;
1062;132;50;84;b_pargran;x;
1063;125;73;198;b_darkpass;x;
1064;150;100;219;b_reich_corigate;x;
1065;118;79;173;b_mistwatch;x;
1066;94;124;201;b_old_sord;x;
1067;56;73;119;b_icewind;x;
1068;88;115;188;b_stormcrag;x;
1069;75;98;160;b_hfirorg;x;
1070;219;87;111;b_cragslane;x;
1071;158;63;80;b_ansilvund;x;
1072;255;102;130;b_kagrenzel;x;
1073;158;45;66;b_tolvald;x;
1074;149;94;181;b_darkshade;x;
1075;180;114;219;b_hillgrund_tomb;x;
1076;210;132;255;b_fellheim;x;
1077;0;140;145;b_amol;x;
1078;0;110;112;b_fort_amol;x;
1079;35;170;170;b_lost_knives;x;
1080;9;155;155;b_frostwater;x;
1081;27;74;86;b_broken_limbs;x;
1082;37;101;117;b_crimson_kada;x;
1083;43;122;19;b_eldergleam;x;
1084;62;175;28;b_atronach_rock;x;
1085;75;219;35;b_darkwater;x;
1086;133;52;170;b_bonestrewn_crest;x;
1087;93;37;119;b_wittestadr;x;
1088;119;47;153;b_skerd;x;
1089;158;77;34;b_cragwallow;x;
1090;173;100;60;b_scarrund;x;
1091;196;105;56;b_thuvald;x;
1092;137;69;30;b_steamcrag;x;
1093;69;173;72;b_mzulft;x;
1094;29;99;32;b_bitterblade;x;
1095;45;153;49;b_jorrun_stand;x;
1096;255;94;241;b_skuldafn;x;
1097;120;104;155;b_gallows_rock;x;
1098;197;170;255;b_rageclaw;x;
1099;150;129;193;b_mixwater;x;
1100;108;93;140;b_frostvault;x;
1101;0;150;95;b_riversite;x;
1102;0;135;87;b_witchmist;x;
1103;0;112;72;b_cronvangr;x;
1104;114;49;140;b_frost_tree;x;
1105;128;55;158;b_ragnthar;x;
1106;158;67;193;b_icehammer;x;
1107;97;41;119;b_kynesgrove;x;
1108;61;153;4;b_narzulbur;x;
1109;96;173;48;b_gloombound;x;
1110;111;183;64;b_karlaz;x;
1111;119;59;25;b_giant_run;x;
1112;86;43;18;b_morvunskar;x;
1113;183;91;38;b_uttering_hill;x;
1114;160;80;33;b_mara_eye;x;
1115;35;46;142;b_palace_of_kings;x;
1116;30;39;122;b_windhelm;x;
1117;43;57;188;b_lower_yorgrim;x;
1118;51;66;204;b_brandy_mug;x;
1119;40;52;160;b_southbridge;x;
1120;140;105;229;b_yngol_barrow;x;
1121;118;89;193;b_chill_hollow;x;
1122;99;62;193;b_hollyfrost;x;
1123;130;81;255;b_giant_heart;x;
1124;43;49;84;b_shorflow;x;
1125;55;63;107;b_storjdal;x;
1126;39;45;76;b_kastav;x;
1127;47;54;91;b_winterway;x;
1128;94;119;119;b_halfrun;x;
1129;64;81;81;b_stillborn;x;
1130;82;104;104;b_krondheim;x;
1131;52;150;135;b_snow_veil;x;
1132;44;127;115;b_kvarner;x;
1133;36;104;94;b_horgrsgard;x;
1134;117;147;97;b_fjallskard;x;
1135;50;68;64;b_bleakcoast;x;
1136;105;132;87;b_journeyman_nook;x;
1137;81;102;67;b_whistling_mine;x;
1138;79;107;100;b_icewreck;x;
1139;170;170;73;b_volungar;x;
1140;150;150;64;b_bannerwatch;x;
1141;127;127;54;b_markthal;x;
1142;0;145;168;b_hagsfjord;x;
1143;0;132;153;b_bjarbrun;x;
1144;0;92;107;b_winterhold_college;x;
1145;0;112;130;b_winterhold;x;
1146;95;108;183;b_dvergar;x;
1147;87;99;168;b_skytemple;x;
1148;170;118;80;b_rockjoint;x;
1149;186;128;87;b_serpentstone;x;
1150;188;173;255;b_ysgramor_crypt;x;
1151;171;157;232;b_stromhelm;x;
1152;148;136;201;b_varheim;x;
1153;58;94;70;b_saarthal;x;
1154;101;163;121;b_sightless_vale;x;
1155;86;140;104;b_joetnar;x;
1156;67;109;81;b_dusk_pass;x;
1157;28;180;191;b_pilgrim_tower;x;
1158;35;222;239;b_halmstad;x;
1159;32;202;214;b_trollhatten;x;
1160;117;133;160;b_hodorsheim;x;
1161;83;95;114;b_alftand;x;
1162;67;76;91;b_kraldar;x;
1163;100;114;137;b_anthor;x;
1164;35;127;95;b_yngvild;x;
1165;47;168;127;b_horker;x;
1166;53;191;145;b_hob_fall;x;
1167;96;211;50;b_isengard;x;
1168;85;188;45;b_vanir;x;
1169;71;158;37;b_frostflow_watch;x;
1170;0;99;56;b_orevein;x;
1171;0;160;91;b_elvenum;x;
1172;0;130;73;b_wayward;x;
1173;198;255;107;b_hela_folly;x;
1174;162;209;87;b_driftshade;x;
1175;144;186;78;b_snowpoint_beacon;x;
1176;186;172;109;b_fellhammer;x;
1177;198;183;117;b_erolgard;x;
1178;116;188;75;b_yorgrim_overlook;x;
1179;135;221;88;b_skuldenheim;x;
1180;163;196;66;b_helsingborn;x;
1181;182;221;73;b_grinning_horker;x;
1182;221;197;35;b_ironbind;x;
1183;242;215;38;b_bronzewater;x;
1184;181;160;28;b_nightgate;x;
1185;221;151;53;b_weystones;x;
1186;196;131;47;b_silverdrift;x;
1187;188;118;144;b_shrouded_grove;x;
1188;221;139;168;b_skagen;x;
1189;196;142;141;b_korvanjund;x;
1190;221;159;157;b_trumble_arch_pass;x;
1191;234;230;180;b_irkgthand;x;
1192;221;217;168;b_sigilkeep;x;
1193;188;185;145;b_raldbthar;x;
1194;173;128;91;b_skyborn;x;
1195;221;163;115;b_volunruud;x;
1196;129;193;145;b_stonechill_bluff;x;
1197;162;242;183;b_mzark;x;
1198;145;216;163;b_brantwein;x;
1199;56;175;183;b_heljarchen;x;
1200;68;214;221;b_blizzard_rest;x;
1201;76;243;255;b_loreius;x;
1202;175;179;234;b_rattgram;x;
1203;164;168;219;b_skuld;x;
1204;135;138;181;b_shearpoint;x;
1205;180;144;221;b_mzinchaleft;x;
1206;160;129;196;b_frostmere;x;
1207;154;150;188;b_dimhollow;x;
1208;180;175;221;b_snestrom;x;
1209;182;188;145;b_vigilant_rest;x;
1210;213;221;168;b_hjaldheim;x;
1211;167;173;133;b_dunstad;x;
1212;204;177;130;b_arkavan;x;
1213;173;150;110;b_duskglow;x;
1214;226;196;145;b_falkenheim;x;
1215;45;0;211;b_icerun;x;
1216;40;0;188;b_brinehammer;x;
1217;55;0;255;b_high_gate;x;
1218;92;33;221;b_volgrav;x;
1219;76;28;188;b_morvunhall;x;
1220;79;29;196;b_olrunstead;x;
1221;98;36;242;b_askursund;x;
1222;111;96;155;b_dawnstar;x;
1223;171;148;239;b_shorwind;x;
1224;127;110;178;b_lindsfjord;x;
1225;149;129;209;b_tower_of_dawn;x;
1226;182;158;255;b_white_hall;x;
1227;110;77;188;b_windward;x;
1228;133;93;226;b_skovde;x;
1229;124;86;211;b_red_road_pass;x;
1230;209;224;123;b_kalmar;x;
1231;186;198;109;b_norderney;x;
1232;147;123;0;b_woketree;x;
1233;127;106;0;b_riverwood;x;
1234;170;142;0;b_gastenheim;x;
1235;183;142;141;b_pelagia;x;
1236;132;103;102;b_honningbrew;x;
1237;155;120;119;b_alesund;x;
1238;109;91;0;b_stendal;x;
1239;63;53;0;b_dragonsreach;x;
1240;183;149;0;b_jorrvaskr;x;
1241;155;129;0;b_battleborn;x;
1242;132;110;0;b_chillfurrow;x;
1243;86;72;0;b_whiterun;x;
1244;165;148;48;b_whitewatch;x;
1245;104;93;30;b_shimmermist;x;
1246;136;122;39;b_bleakmarch;x;
1247;101;107;124;b_graywinter;x;
1248;119;126;145;b_laintar;x;
1249;81;86;99;b_whiteriver_watch;x;
1250;106;122;0;b_fellglow;x;
1251;127;147;0;b_oleriad;x;
1252;101;107;29;b_valtheim;x;
1253;131;140;39;b_guldun_rock;x;
1254;110;114;0;b_eversnow;x;
1255;155;160;0;b_brettin;x;
1256;133;137;0;b_werra;x;
1257;160;93;0;b_rorikstead;x;
1258;191;111;0;b_lundshut;x;
1259;206;120;0;b_norden;x;
1260;160;93;116;b_moldering;x;
1261;181;106;132;b_jagermeister;x;
1262;204;120;149;b_coebbel;x;
1263;94;78;0;b_talking_stone;x;
1264;122;102;0;b_milteren;x;
1265;87;91;0;b_fairmoor;x;
1266;144;150;61;b_swindler_den;x;
1267;156;163;66;b_njorvela;x;
1268;116;124;0;b_baltrum;x;
1269;101;110;0;b_muranak;x;
1270;120;124;51;b_hagarmarch;x;
1271;140;76;12;b_lainalten;x;
1272;124;68;11;b_gjukar_monument;x;
1273;108;142;104;b_apen;x;
1274;79;104;76;b_rannveig_fest;x;
1275;132;173;126;b_eldersblood;x;
1276;132;173;89;b_sundsvall;x;
1277;113;147;76;b_hamvir_rest;x;
1278;89;114;59;b_greenspring;x;
1279;142;186;96;b_drelas;x;
1280;178;74;88;b_dustman_cairn;x;
1281;201;84;100;b_redoran_retreat;x;
1282;224;94;111;b_greymarch;x;
1283;147;123;122;b_ansilheim;x;
1284;127;106;105;b_silent_moon;x;
1285;163;136;135;b_bleakhammer;x;
1286;127;58;0;b_halted_stream;x;
1287;147;66;0;b_frostfield;x;
1288;147;133;0;b_skulvar;x;
1289;127;115;0;b_bockhorn;x;
1290;193;106;0;b_gruben;x;
1291;170;93;0;b_steppewatch;x;
1292;143;82;0;b_secunda_kiss;x;
1293;68;57;33;b_black_moor;x;
1294;158;131;77;b_bleakbasin;x;
1295;114;95;56;b_darkmoor;x;
1296;137;114;67;b_lathen;x;
1297;91;76;44;b_stavern;x;
1298;153;43;0;b_brinkum;x;
1299;170;51;0;b_krumm_horn;x;
1300;127;39;0;b_sleeping_tree;x;
1301;127;106;9;b_broken_fang;x;
1302;122;106;35;b_gavrostead;x;
1303;122;102;24;b_granite_hall;x;
1304;153;45;70;b_vorsia;x;
1305;175;52;81;b_north_brittleshin;x;
1306;137;41;63;b_bloated_man_grotto;x;
1307;163;17;20;b_norskir;x;
1308;181;74;92;b_kreathrest;x;
1309;142;41;110;b_falkway;x;
1310;64;160;173;b_ancient_ascent;x;
1311;106;99;181;b_southshriek;x;
1312;64;81;122;b_tjer_pass;x;
1313;34;51;94;b_mossmother;x;
1314;22;42;94;b_hunter_rest;x;
1315;118;135;118;b_gefyr;x;
1316;105;119;105;b_amberguard;x;
1317;130;147;130;b_orotheim;x;
1318;69;101;119;b_chillwind;x;
1319;87;127;150;b_nilfheim;x;
1320;78;114;135;b_kjarta;x;
1321;81;104;103;b_gwenstaed;x;
1322;64;81;80;b_old_karth;x;
1323;87;112;110;b_robber_gorge;x;
1324;71;99;99;b_korleva;x;
1325;82;115;115;b_volger;x;
1326;137;129;137;b_einherjar;x;
1327;119;113;119;b_valmund;x;
1328;61;79;91;b_black_morass;x;
1329;66;86;91;b_snowhawk;x;
1330;77;101;107;b_haesten;x;
1331;88;115;122;b_shearwatch;x;
1332;99;129;137;b_meeko;x;
1333;160;160;110;b_kendheld;x;
1334;145;145;100;b_folgunthur;x;
1335;122;122;84;b_stormhawk;x;
1336;132;85;124;b_hjalvik;x;
1337;107;69;100;b_morvunrund;x;
1338;31;82;119;b_winstad;x;
1339;37;98;142;b_ysel;x;
1340;41;109;158;b_ustengrav;x;
1341;93;119;105;b_hunstand;x;
1342;82;106;93;b_berjord;x;
1343;69;89;78;b_hjaalstorm;x;
1344;121;77;135;b_hammerhall;x;
1345;103;64;114;b_bjestor;x;
1346;102;121;135;b_hailstone;x;
1347;91;107;119;b_stonehills;x;
1348;68;51;91;b_kjanheim;x;
1349;52;39;70;b_kjenstag;x;
1350;85;64;114;b_merzen;x;
1351;188;142;122;b_gruelan;x;
1352;174;132;113;b_morvarth;x;
1353;110;145;125;b_highmoon;x;
1354;59;79;68;b_morthal;x;
1355;70;94;81;b_morthal_barrows;x;
1356;97;130;112;b_dunholm;x;
1357;86;114;98;b_laesten;x;
1358;143;114;98;b_wildsung;x;
1359;119;95;82;b_sagard;x;
1360;52;86;107;b_myrwatch;x;
1361;155;79;158;b_valkygg;x;
1362;178;90;181;b_helmsdeep;x;
1363;132;67;135;b_labyrinthian;x;
1364;81;49;70;b_dead_men_respite;x;
1365;84;56;74;b_coldrock;x;
1366;188;101;24;b_frostbite;x;
1367;206;110;26;b_rimerock;x;
1368;165;88;21;b_dragonhome;x;
1369;21;119;193;b_giant_coast;x;
1370;18;105;168;b_northwatch;x;
1371;96;0;87;b_volkihar;x;
1372;109;0;100;b_boneshore;x;
1373;117;0;107;b_boodstone;x;
1374;26;133;153;b_steepfall;x;
1375;23;120;137;b_ustenhall;x;
1376;20;107;122;b_dunbarrow;x;
1377;0;150;142;b_widow_watch;x;
1378;0;132;123;b_ravenscar;x;
1379;0;163;152;b_sword_point;x;
1380;54;66;142;b_kyne_perch;x;
1381;60;74;155;b_coldstone;x;
1382;17;58;135;b_valthammer;x;
1383;20;68;158;b_broaken_oar;x;
1384;24;81;188;b_whiteflow;x;
1385;14;49;114;b_shadowgreen;x;
1386;10;36;84;b_brinewater;x;
1387;14;49;109;b_lonewatch;x;
1388;16;56;124;b_karthmouth;x;
1389;90;158;158;b_aldhelm;x;
1390;77;135;135;b_svellfold;x;
1391;61;11;38;b_solitude;x;
1392;84;15;53;b_dour;x;
1393;107;19;67;b_blue_palace;x;
1394;122;22;77;b_harbourside;x;
1395;58;67;163;b_ironback;x;
1396;44;51;124;b_glenmarch;x;
1397;54;62;150;b_helstead;x;
1398;94;145;255;b_wolfskull;x;
1399;84;133;229;b_helgar;x;
1400;77;121;209;b_kilkreath;x;
1401;137;24;86;b_steedhold;x;
1402;153;27;96;b_katla;x;
1403;17;37;170;b_hag_end;x;
1404;13;29;135;b_dragon_bridge;x;
1405;15;34;155;b_karthshore;x;
1406;89;68;181;b_deepwood;x;
1407;74;57;150;b_volksygge;x;
1408;81;62;165;b_pinemoon;x;
1409;26;122;191;b_pinefrost;x;
1410;29;135;211;b_lost_echo;x
1411;81;80;186;b_hraggstad;x;
1412;91;89;209;b_jallenheim;x
1413;112;109;255;b_clearpine;x;
1414;183;0;0;b_forgotten_vale;x;
1415;66;108;135;b_guthlac;x;
1416;59;98;122;b_dresten;x;
1417;107;119;14;b_blackbone;x;
1418;66;36;14;b_icereach;x;
1419;61;33;13;b_grenivik;x;
1420;68;37;15;b_unhrug;x;
1421;0;91;56;b_mor_khazgur;x;
1422;0;112;67;b_ralf_finger;x;
1423;0;127;76;b_darkfall;x;
1424;38;87;173;b_champion_ring;x;
1425;30;70;140;b_bruca_leap;x;
1426;68;91;58;b_cliffside;x;
1427;57;76;48;b_chillbain;x;
1428;74;99;63;b_liar_retreat;x;
1429;85;114;73;b_breakwatch;x;
1430;64;65;91;b_karthwatch;x;
1431;74;76;107;b_silversnow;x;
1432;68;70;96;b_froststone;x;
1433;85;87;122;b_scarhammer;x;
1434;71;81;52;b_sundered;x;
1435;84;96;62;b_rebel_cairn;x;
1436;98;112;71;b_bleakwind;x;
1437;58;73;45;b_deep_folk_crossing;x;
1438;71;89;55;b_druadach;x;
1439;83;104;64;b_reachreach;x;
1440;86;132;109;b_witchborne;x;
1441;61;94;77;b_harmugstahl;x;
1442;69;107;87;b_dragontooth;x;
1443;29;29;84;b_blackmoon;x;
1444;37;37;107;b_peryitein;x;
1445;107;135;95;b_sanuarach;x;
1446;77;96;68;b_crow_eye;x;
1447;65;81;57;b_karthwasten;x;
1448;89;112;79;b_karthkeep;x;
1449;99;70;46;b_bthardamz;x;
1450;137;98;64;b_rearial;x;
1451;117;84;55;b_luspardain;x;
1452;93;96;49;b_nocturn;x;
1453;78;81;41;b_blindcliff;x;
1454;82;85;63;b_ragnvald;x;
1455;103;107;80;b_deadchime;x;
1456;118;122;91;b_tor_ayarla;x;
1457;116;78;63;b_wildspear;x;
1458;99;66;54;b_kolskeggr;x;
1459;61;94;47;b_understone;x;
1460;76;117;58;b_markarth;x;
1461;116;178;89;b_salvius;x;
1462;101;155;77;b_left_handed;x;
1463;91;140;70;b_cidhna;x;
1464;68;60;37;b_brasswater;x;
1465;132;116;70;b_bonechime;x;
1466;99;87;53;b_duimnach;x;
1467;66;99;89;b_hag_rock;x;
1468;76;114;103;b_purewater_run;x;
1469;89;59;76;b_fourskull;x;
1470;142;95;123;b_red_eagle;x;
1471;104;70;90;b_dunruadh;x;
1472;127;85;109;b_hraggen;x;
1473;135;24;55;b_sky_haven;x;
1474;147;26;60;b_karthspire;x;
1475;82;101;97;b_rebel_retreat;x;
1476;94;114;110;b_cinderheart;x;
1477;48;91;52;b_soljund;x;
1478;40;76;43;b_harrowed_haunt;x;
1479;32;61;34;b_hroldan;x;
1480;103;120;124;b_falkhall;x;
1481;67;78;81;b_ravenhall;x;
1482;84;98;102;b_ustunhammer;x;
1483;186;152;67;b_helwatch;x;
1484;165;137;59;b_hendraheim;x;
1485;119;99;43;b_sungard;x;
1486;142;118;51;b_bjorlam;x;
1487;83;107;53;b_breakwind;x;
1488;57;71;38;b_lost_valley;x;
1489;77;96;51;b_cradle_stone;x;
1490;109;66;102;b_shadefeather;x;
1491;86;52;81;b_gloomreach;x;
1492;124;76;116;b_volgard;x;
1493;71;43;66;b_valthume;x;
1494;89;96;48;b_ansilgard;x;
1495;100;109;54;b_sheargen;x;
1496;72;79;39;b_skyhammer;x;
1497;122;80;84;b_gearagh;x;
1498;91;60;63;b_arkngthamz;x;
1499;107;70;73;b_rockwatch;x;
1500;74;67;99;b_reachwater;x; 
1501;57;52;76;b_reachcliff;x;
1502;85;78;114;b_reachwind;x;
1503;97;88;130;b_eyrie;x;
1504;75;142;84;b_dushnikh;x;
1505;67;127;75;b_vateshran_hollow;x;
1506;87;165;98;b_nalzthdbar;x;
1507;39;142;105;b_reachgate;x;
1508;58;61;52;b_leylan;x;
1509;75;79;67;b_druadein;x;
1510;87;91;78;b_nodaein;x;
1511;4;27;3;druadach_mountains_1;x;
1512;4;27;2;druadach_mountains_2;x;
1513;4;15;1;karth_mountains_1;x;
1514;4;15;0;karth_mountains_2;x;
1515;4;16;0;karth_mountains_3;x;
1516;4;16;1;karth_mountains_4;x;
1517;4;16;2;karth_mountains_5;x;
1518;4;16;3;karth_mountains_6;x;
1519;4;16;4;karth_mountains_7;x;
1520;4;16;5;karth_mountains_8;x;
1521;4;16;6;druadach_mountains_3;x;
1522;4;16;7;druadach_mountains_4;x;
1523;4;19;8;druadach_mountains_5;x;
1524;4;19;9;druadach_mountains_6;x;
1525;4;16;9;druadach_mountains_7;x;
1526;4;16;10;druadach_mountains_8;x;
1527;4;16;11;druadach_mountains_9;x;
1528;4;16;12;druadach_mountains_10;x;
1529;4;16;13;druadach_mountains_11;x;
1530;4;16;14;bangkorai_mountains_10;x;
1531;4;16;15;druadach_mountains_12;x;
1532;4;16;16;druadach_mountains_13;x;
1533;4;16;17;druadach_mountains_14;x;
1534;4;16;18;karth_mountains_9;x;
1535;4;16;19;karth_mountains_10;x;
1536;4;16;20;karth_mountains_11;x;
1537;4;16;21;haafingar_mountains_1;x;
1538;4;16;22;haafingar_mountains_2;x;
1539;4;16;23;haafingar_mountains_3;x;
1540;4;16;24;hjaalmarch_mountains_1;x;
1541;4;16;25;hjaalmarch_mountains_2;x;
1542;4;15;25;hjaalmarch_swamp;x;
1543;4;15;24;hjaalmarch_mountains_3;x;
1544;4;15;23;hjaalmarch_mountains_4;x;
1545;4;15;22;whiterun_mountains_1;x;
1546;4;15;21;whiterun_mountains_2;x;
1547;4;15;20;whiterun_mountains_3;x;
1548;4;15;19;whiterun_mountains_4;x;
1549;4;15;18;whiterun_mountains_5;x;
1550;4;15;17;pale_mountains_1;x;
1551;4;15;16;pale_mountains_2;x;
1552;4;15;15;pale_mountains_3;x;
1553;4;15;14;pale_mountains_4;x;
1554;4;15;13;pale_mountains_5;x;
1555;4;15;12;pale_mountains_6;x;
1556;4;15;11;pale_mountains_7;x;
1557;4;15;10;pale_mountains_8;x;
1558;4;17;0;winterhold_mountains_1;x;
1559;4;17;1;winterhold_mountains_2;x;
1560;4;17;2;winterhold_mountains_3;x;
1561;4;17;3;winterhold_mountains_4;x;
1562;4;17;4;winterhold_mountains_5;x;
1563;4;17;5;winterhold_mountains_6;x;
1564;4;17;6;winterhold_mountains_7;x;
1565;4;17;7;winterhold_mountains_8;x;
1566;4;17;8;winterhold_mountains_9;x;
1567;4;17;9;winterhold_mountains_10;x;
1568;4;17;10;eastmarch_mountains_1;x;
1569;4;17;11;eastmarch_mountains_2;x;
1570;4;17;12;eastmarch_mountains_3;x;
1571;4;17;13;eastmarch_mountains_4;x;
1572;4;17;14;eastmarch_mountains_5;x;
1573;4;17;15;eastmarch_mountains_6;x;
1574;4;17;16;eastmarch_mountains_7;x;
1575;4;17;17;rift_mountains_1;x;
1576;4;17;18;rift_mountains_2;x;
1577;4;17;19;rift_mountains_3;x;
1578;4;17;20;rift_mountains_4;x;
1579;4;17;21;rift_mountains_5;x;
1580;4;17;22;falkreath_mountains_1;x;
1581;4;17;23;falkreath_mountains_2;x;
1582;4;17;24;falkreath_mountains_3;x;
1583;4;17;25;falkreath_mountains_4;x;
1584;4;18;25;falkreath_mountains_5;x;
1585;4;18;24;falkreath_mountains_6;x;
1586;4;18;23;falkreath_mountains_7;x;
1587;4;18;22;falkreath_mountains_8;x;
1588;4;18;21;falkreath_mountains_9;x;
1589;4;18;20;craglorn_mountains_13;x;
1590;4;18;19;falkreath_mountains_10;x;
1591;4;18;18;eastmarch_mountains_8;x;
1592;185;52;0;b_darron;x;
1593;124;154;175;Boneshore Coast;x;
1594;92;139;170;Volk Bay;x;
1595;102;186;255;Sea of Ghosts (13);x;
1596;104;145;173;Dunbarrow Coast;x;
1597;89;180;255;Sea of Ghosts (14);x;
1598;85;138;170;Sea of Ghosts (15);x;
1599;72;165;242;Grenivik Coast;x;
1600;61;128;170;Icereach Coast;x;
1601;76;134;170;Ravenscar Coast;x;
1602;68;131;170;Kyne's Bay;x;
1603;69;136;178;Sea of Ghosts (16);x;
1604;49;129;178;Sea of Ghosts (17);x;
1605;42;126;178;Sea of Ghosts (18);x;
1606;45;133;188;Hjaal Mouth;x;
1607;37;130;188;Brine Coast;x;
1608;30;127;188;Lone Bay;x;
1609;13;92;135;Karth Mouth;x;
1610;20;133;204;Solitude Bay;x;
1611;81;163;204;Morass Mire;x;
1612;89;160;204;Kendheld Coast;x;
1613;106;166;204;Icerun Coast;x;
1614;122;172;204;Sea of Ghosts (20);x;
1615;99;140;165;Silent Strait;x;
1616;107;151;178;Sea of Ghosts (21);x;
1617;89;135;165;Blacklight Bay;x;
1618;117;147;165;Verglas Coast;x;
1619;106;142;163;Sea of Ghosts (22);x;
1620;80;137;170;Kalmar Coast;x;
1621;64;132;170;Sea of Ghosts (23);x;
1622;84;135;165;Frozen Bay;x;
1623;67;142;186;Dawn Bay;x;
1624;70;150;196;Sea of Ghosts (24);x;
1625;69;141;183;Norderney Coast;x;
1626;54;113;147;Sea of Ghosts (25);x;
1627;88;147;181;Shorwind Strait;x;
1628;97;150;181;Pilgrim Bay;x;
1629;63;127;170;Sea of Ghosts (26);x;
1630;109;146;170;Sea of Ghosts (27);x;
1631;82;135;170;Broken Bay;x;
1632;97;141;170;Ysgramor's Strait;x;
1633;119;150;170;Hsaarik Coast;x;
1634;132;166;188;Sea of Ghosts (28);x;
1635;145;168;183;Sea of Ghosts (29);x;
1636;96;151;188;Bjarbrun Coast;x;
1637;113;158;188;Icewreck Bay;x;
1638;84;133;165;Bleak Bay;x;
1639;152;169;181;Japhet's Coast;x;
1640;164;183;196;Sea of Ghosts (30);x;
1641;121;166;196;Kvarner Coast;x;
1642;111;162;196;White Mouth;x;
1643;122;177;214;Yngol Course;x;
1644;120;164;193;Rootspire Coast;x;
1645;122;159;186;Bleak Coast;x;
1646;102;133;155;Sea of Ghosts (31);x;
1647;127;167;193;Sea of Ghosts (32);x;
1648;106;152;186;Mortag Coast;x;
1649;117;169;206;Thormoor Coast;x;
1650;144;180;206;Bleakrock Pass;x;
1651;163;187;206;Raven Rock Coast;x;
1652;149;171;188;Frostmoth Coast;x;
1653;130;163;188;Iggnir Mouth;x;
1654;109;153;188;Himmelhost Coast;x;
1655;92;145;188;Ashfallow Coast;x;
1656;111;153;188;Gyldenhul Coast;x;
1657;128;160;186;Felsaad Coast;x;
1658;119;155;186;Isild Mouth;x;
1659;39;129;186;Oar Bay;x;
1660;50;79;145;b_hozzin_folly;x;
1661;0;43;145;b_skyshroud;x;
1662;0;29;96;b_bleakrock;x;
1663;75;137;0;b_northshore_landing;x;
1664;63;114;0;b_karstaag;x;
1665;84;153;0;b_hrothmund_bane;x;
1666;12;61;63;b_skaal;x;
1667;22;112;117;b_frossel;x;
1668;26;132;137;b_rimhull;x;
1669;198;224;69;b_varstaad;x;
1670;162;183;56;b_thormoor_watch;x;
1671;1;178;31;b_thrond;x;
1672;1;153;29;b_harstrad;x;
1673;1;122;23;b_gronn;x;
1674;38;51;81;b_hvitkald;x;
1675;23;32;51;b_moesring;x;
1676;52;70;112;b_snowclad;x;
1677;165;129;58;b_vahlok;x;
1678;142;111;49;b_snowfallow;x;
1679;198;155;69;b_nchardak;x;
1680;147;54;54;b_bloodskal;x;
1681;186;68;68;b_damphall;x;
1682;114;9;12;b_brodir;x;
1683;94;5;5;b_solvjord;x;
1684;140;8;8;b_kagrumez;x;
1685;226;131;131;b_severin;x;
1686;196;113;113;b_ravenmine;x;
1687;142;82;82;b_raven_rock;x;
1688;173;100;100;b_coldcinder;x;
1689;95;130;142;b_highpoint;x;
1690;75;102;112;b_penumbra;x;
1691;105;144;158;b_gandrung;x;
1692;149;175;0;b_sathil;x;
1693;165;198;0;b_toralf;x;
1694;186;219;0;b_himmelhost;x;
1695;83;156;181;b_kolbjorn;x;
1696;26;94;119;b_stormpfund;x;
1697;19;70;89;b_frostmoth;x;
1698;72;136;158;b_attius;x;
1699;7;169;178;b_sjobal;x;
1700;6;162;173;b_gyldenhul;x;
1701;8;205;219;b_fjalding;x;
1702;4;18;17;solstheim_mountains_1;x;
1703;4;18;16;solstheim_mountains_2;x;
1704;4;18;15;solstheim_mountains_3;x;
1705;4;18;14;solstheim_mountains_4;x;
1706;4;18;13;solstheim_mountains_5;x;
1707;4;18;12;solstheim_mountains_6;x;
1708;124;0;18;b_garlas_stirtar;x;
1709;140;84;39;b_crowhaven;x;
1710;181;109;50;b_jarol;x;
1711;201;121;56;b_garlas_malatar;x;
1712;181;119;72;b_duskwatch;x;
1713;204;134;81;b_beldaburo;x;
1714;188;122;75;b_knightsgrave;x;
1715;0;186;68;b_yeorth;x;
1716;84;86;173;b_cryngaine;x;
# 1717;103;94;142;b_aruhir;x;
# 1718;108;122;137;b_sobatu;x;
# 1719;84;95;107;b_karnver;x;
# 1720;153;121;91;b_walata;x;
# 1721;130;103;78;b_riverpoint;x;
# 1722;145;137;95;b_roukard;x;
# 1723;183;173;121;b_wadathe;x;
# 1724;181;111;88;b_jamul;x;
# 1725;99;91;64;b_tark;x;
# 1726;173;160;112;b_tawia;x;
# 1727;119;74;58;b_masad;x;
# 1728;158;97;77;b_khesar;x;
# 1729;160;148;104;b_reachmore;x;
# 1730;122;113;79;b_duafut;x;
# 1731;145;134;94;b_al_ain;x;
# 1732;107;98;69;b_taneth;x;
# 1733;168;155;109;b_hasamir;x;
# 1734;153;141;99;b_valowe;x;
# 1735;123;155;59;b_kabara;x;
# 1736;135;170;64;b_al_gasba;x; 
# 1737;105;132;50;b_dokan;x;
# 1738;80;102;38;b_roseguard;x;
# 1739;142;135;119;b_opapa;x;
# 1740;104;99;87;b_north_hall;x;
# 1741;127;121;107;b_assabu;x;
# 1742;140;125;91;b_lemoor;x;
# 1743;124;111;81;b_gaunlet;x;
# 1744;109;98;71;b_nobleshead;x;
# 1745;94;84;61;b_stonemoor;x;
# 1746;114;71;73;b_chiggre;x;
# 1747;91;56;58;b_hafar;x;
# 1748;130;80;83;b_erigavo;x;
# 1749;145;90;92;b_ifat;x;
# 1750;115;122;50;b_corten_mont;x;
# 1751;136;145;59;b_mayd;x;
# 1752;151;160;65;b_mashid;x;
# 1753;168;132;48;b_dihar;x;
# 1754;153;120;44;b_aidhab;x;
# 1755;183;144;53;b_sidhu;x;
# 1756;178;146;76;b_skriu;x;
# 1757;204;169;87;b_hurdha;x;
# 1758;158;131;67;b_dorgola;x;
# 1759;127;105;54;b_brena;x;
# 1760;181;160;112;b_matama;x;
# 1761;196;173;121;b_napata;x;
# 1762;211;187;131;b_dobaa;x;
# 1763;186;128;5;b_nwarhu;x;
# 1764;201;139;6;b_kilpawn;x;
# 1765;140;97;4;b_rihad;x;
# 1766;170;118;5;b_kampala;x;
# 1767;155;107;4;b_assini;x;
# 1768;158;130;113;b_jandal;x;
# 1769;255;210;183;b_hargeysa;x;
# 1770;224;184;161;b_al_dak;x;
# 1771;150;127;73;b_chaseguard;x;
# 1772;173;146;84;b_ko_jiga;x;
# 1773;196;166;96;b_dahlak;x;
# 1774;51;155;224;Coast of Abah;x;
# 1775;69;171;239;Coast of Jandal;x;
# 1776;61;169;237;Coast of Dawnlight;x;
# 1777;97;183;237;Coast of Chaseguard;x;
# 1778;54;137;188;Hew's Gate;x;
# 1779;99;171;216;Coast of Rihad;x;
# 1780;47;162;239;Coast of Shira;x
# 1781;73;182;255;Shira Bay;x
# 1782;114;156;214;Coast of Estaran;x
# 1783;114;174;214;Shark Bay;x
# 1784;43;147;216;Brena Mouth;x
# 1785;156;192;225;Oran River;x;
# 1786;81;151;198;Taneth River;x;
# 1787;98;152;188;Rose River;x;
# 1788;37;128;188;Rihad River;x;
# 1789;92;181;237;Lower Brena River;x;
# 1790;135;198;237;Brena River;x;
# 1791;177;214;237;Upper Brena River;x
# 1792;135;210;237;Hafar River;x
# 1793;36;132;154;b_siuol;x;
# 1794;116;163;204;Abecean Sea (12);x;
# 1795;63;138;198;Coast of Caecilly;x;
# 1796;43;96;80;b_sharrukim;x;
# 1797;55;82;91;b_meroe;x;
# 1798;22;51;42;b_haran;x;
# 1799;27;67;81;b_vulkneu;x;
# 1800;31;76;91;b_mahoi;x;
# 1801;33;51;28;b_agadem;x;
# 1802;54;81;44;b_giroken;x;
# 1803;107;94;46;b_ko_gavo;x;
# 1804;91;81;39;b_djenne;x;
# 1805;89;67;24;b_helland;x;
# 1806;99;75;26;b_daarqab;x;
# 1807;145;128;62;b_hadaf;x;
# 1808;122;107;52;b_sojenne;x;
# 1809;45;66;73;b_lacryma;x;
# 1810;59;87;96;b_buduq;x;
# 1811;163;43;6;b_nippur;x;
# 1812;186;49;7;b_ko_gate;x;
# 1813;130;34;5;b_stonedale;x;
# 1814;147;39;5;b_borsippa;x;
# 1815;99;43;37;b_ahvaz;x;
# 1816;158;69;60;b_arasim;x;
# 1817;137;60;52;b_amud;x;
# 1818;198;198;198;b_snowline;x;
# 1819;214;214;214;b_dragonwall;x;
# 1820;141;138;170;b_dragonwing;x;
# 1821;86;84;104;b_dragonstar;x;
# 1822;99;79;79;b_crossroads;x;
# 1823;98;97;119;b_dragonfields;x;
# 1824;115;113;140;b_dragongate;x;
# 1825;147;147;147;b_fearfang;x;
# 1826;173;173;173;b_sunken_lair;x;
# 1827;137;110;110;b_sanctum_ophidia;x;
# 1828;114;91;91;b_lothna;x;
# 1829;101;101;135;b_skypinnacle;x;
# 1830;74;74;99;b_lauma;x;
# 1831;112;112;150;b_skycrypt;x;
# 1832;94;79;79;b_darastra;x;
# 1833;79;66;66;b_twice_born_star;x;
# 1834;63;53;53;b_skyreach_hold;x;
# 1835;196;144;113;b_earthtear;x;
# 1836;142;104;82;b_lankara;x; 
# 1837;170;125;100;b_buried_sands;x;
# 1838;175;91;125;b_shada_tear;x;
# 1839;191;99;136;b_kardala;x;
# 1840;221;115;157;b_west_gate;x;
# 1841;206;107;147;b_ankara_crucible;x;
# 1842;209;131;98;b_mtharnaz;x;
# 1843;175;110;82;b_hel_ra;x;
# 1844;224;141;105;b_taborra;x;
# 1845;188;104;79;b_thunder_falls;x;
# 1846;150;83;63;b_rkhardahrk;x;
# 1847;127;70;53;b_seeker_archive;x;
# 1848;173;96;72;b_ankara_mettle;x;
# 1849;168;140;100;b_ankara_vigil;x;
# 1850;145;121;87;b_na_totambu;x;
# 1851;122;102;73;b_rahniza;x;
# 1852;183;153;110;b_zalgaz;x;
# 1853;175;136;117;b_star_gazer;x;
# 1854;153;118;102;b_belkarth;x;
# 1855;191;148;128;b_wakinfall;x;
# 1856;206;159;138;b_reinhold_retreat;x;
# 1857;119;35;59;b_exarch_stronghold;x;
# 1858;145;43;72;b_abdir;x;
# 1859;183;55;91;b_khara;x;
# 1860;142;88;109;b_howling_sepulcher;x;
# 1861;158;98;121;b_illthag_undertower;x;
# 1862;181;112;138;b_eastern_crag;x;
# 1863;209;71;96;b_modai;x;
# 1864;244;83;112;b_hircine_haunt;x;
# 1865;186;63;85;b_spellscar;x;
# 1866;148;114;173;b_proving_ground;x;
# 1867;89;69;104;b_chiselshriek;x;
# 1868;129;99;150;b_lake_of_teeth;x;
# 1869;109;84;127;b_inazzur_hold;x;
# 1870;158;55;11;b_nimbel_moor;x;
# 1871;204;71;14;b_rkundzelft;x;
# 1872;181;63;12;b_haddock_market;x;
# 1873;188;123;62;b_aramir;x;
# 1874;156;100;50;b_ko_caele;x;
# 1875;165;108;54;b_balamath;x;
# 1876;150;98;49;b_high_hall;x;
# 1877;153;67;36;b_molavar;x;
# 1878;175;77;42;b_bienne;x;
# 1879;191;84;45;b_domus_phrasticus;x;
# 1880;76;33;18;b_elinhir;x;
# 1881;130;57;31;b_apex_tower;x;
# 1882;99;44;23;b_elinhir_keep;x;
# 1883;153;12;16;b_rimwatch;x;
# 1884;175;14;19;b_tavawn;x;
# 1885;5;5;5;daggerfall_mountains;x;
# 1886;10;10;10;silumm_mountains;x;
# 1887;61;61;61;beldama_mountains;x;
# 1888;15;15;15;glenumbra_mountains;x;
# 1889;1;1;1;bhoriane_mountains;x;
# 1890;40;40;40;phryrgias_mountains;x;
# 1891;53;53;53;kambria_mountains;x;
# 1892;28;28;28;tamrith_mountains_1;x;
# 1893;35;35;35;tamrith_mountains_2;x;
# 1894;58;58;58;alcaire_mountains;x;
# 1895;2;2;2;doomcrag_mountains;x;
# 1896;6;6;6;doomcrag_mountains_2;x;
# 1897;0;6;6;boralis_mountains;x;
# 1898;6;6;0;lorkrata_mountains;x;
# 1899;6;0;6;wrothgar_mountains_1;x;
# 1900;9;0;6;wrothgar_mountains_2;x;
# 1901;9;3;6;wrothgar_mountains_3;x;
# 1902;9;6;6;wrothgar_mountains_4;x;
# 1903;9;9;6;wrothgar_cliff_1;x;
# 1904;9;9;3;wrothgar_cliff_2;x;
# 1905;2;3;9;wrothgar_cliff_3;x;
# 1906;3;9;9;wrothgar_cliff_4;x;
# 1907;3;6;9;sorrow_mountain;x;
# 1908;3;5;9;fharun_mountain;x;
# 1909;3;4;9;fharun_isle;x;
# 1910;3;3;9;bangkorai_mountains_1;x;
# 1911;3;2;9;bangkorai_mountains_2;x;
# 1912;3;1;9;bangkorai_mountains_3;x;
# 1913;3;0;9;bangkorai_mountains_4;x;
# 1914;2;0;9;bangkorai_mountains_5;x;
# 1915;2;1;9;bangkorai_mountains_6;x;
# 1916;2;2;9;bangkorai_mountains_7;x;
# 1917;4;1;9;bangkorai_mountains_8;x;
# 1918;2;4;9;bangkorai_mountains_9;x;
# 1919;72;153;219;hammerfell_lakes;x;
# 1920;2;5;9;alikr_mountains_1;x;
# 1921;2;6;9;alikr_mountains_2;x;
# 1922;2;7;9;alikr_mountains_3;x;
# 1923;2;8;9;alikr_mountains_4;x;
# 1924;2;9;9;alikr_mountains_5;x;
# 1925;2;10;9;alikr_desert_1;x;
# 1926;2;11;9;alikr_desert_2;x;
# 1927;2;12;9;alikr_desert_3;x;
# 1928;2;13;9;alikr_desert_4;x;
# 1929;2;14;9;alikr_desert_5;x;
# 1930;2;15;9;alikr_desert_6;x;
# 1931;3;15;9;alikr_desert_7;x;
# 1932;3;14;9;alikr_desert_8;x;
# 1933;3;13;9;khefrem_mountains_1;x;
# 1934;3;12;9;khefrem_mountains_2;x;
# 1935;3;11;9;khefrem_mountains_3;x;
# 1936;3;10;9;dragon_teeth_mountains_1;x;
# 1937;4;0;9;dragon_teeth_mountains_2;x;
# 1938;3;8;9;dragon_teeth_mountains_3;x;
# 1939;3;7;9;dragon_teeth_mountains_4;x;
# 1940;4;2;9;dragon_teeth_mountains_5;x;
# 1941;4;3;9;craglorn_mountains_1;x;
# 1942;4;4;9;craglorn_mountains_2;x;
# 1943;4;5;9;craglorn_mountains_3;x;
# 1944;4;6;9;craglorn_mountains_4;x;
# 1945;4;7;9;craglorn_mountains_5;x;
# 1946;4;8;9;craglorn_mountains_6;x;
# 1947;4;9;9;spellscar;x;
# 1948;4;10;9;craglorn_mountains_7;x;
# 1949;4;11;9;craglorn_mountains_8;x;
# 1950;4;12;9;craglorn_mountains_9;x;
# 1951;4;13;9;craglorn_mountains_10;x;
# 1952;4;14;9;craglorn_mountains_11;x;
# 1953;4;15;9;craglorn_mountains_12;x;
# 1954;4;15;8;druadach_mountains_1;x;
# 1955;4;15;7;yokuda_mountains_1;x;
# 1956;4;15;6;yokuda_mountains_2;x;
# 1957;4;15;5;yokuda_mountains_3;x;
# 1958;4;15;4;yokuda_mountains_4;x;
# 1959;0;0;104;b_sunderstone;x;
# 1960;0;0;153;b_bilegulch;x;
# 1961;0;0;183;b_glenvale;x;
# 1962;26;41;84;b_bannermist;x;
# 1963;35;52;109;b_half-moon;x;
# 1964;42;63;132;b_knifepoint;x;
# 1965;8;137;25;b_evergreen;x;
# 1966;11;183;31;b_falkreath_watch;x;
# 1967;11;193;32;b_cracked_tusk;x;
# 1968;13;221;34;b_twilight_sepulcher;x;
# 1969;94;81;193;b_falkreath;x;
# 1970;95;88;160;b_shriekwind;x;
# 1971;142;135;193;b_peak_shade;x;
# 1972;182;170;255;b_halldir;x;
# 1973;208;201;255;b_morgate;x;
# 1974;19;62;68;b_bloodlet;x;
# 1975;49;159;175;b_ancestor_glade;x;
# 1976;35;115;127;b_bonechill;x;
# 1977;130;37;100;b_lakeview;x;
# 1978;255;73;197;b_pinewatch;x;
# 1979;198;99;167;b_haigar;x;
# 1980;170;59;76;b_helgen;x;
# 1981;216;80;102;b_embershard;x;
# 1982;255;94;118;b_dunmarch;x;
# 1983;193;65;89;b_skybound;x;
# 1984;122;9;11;b_orphan_rock;x;
# 1985;150;12;14;b_falkenstein;x;
# 1986;146;138;150;b_neugrad;x;
# 1987;168;159;173;b_greywater;x;
# 1988;133;126;137;b_southfringe;x;
# 1989;187;178;193;b_pale_pass;x;
# 1990;66;135;196;skyrim_lakes;x;
# 1991;255;80;22;b_ilinalta;x;
# 1992;104;31;9;b_brittleshin;x;
# 1993;173;94;71;b_bleak_falls;x;
# 1994;160;114;73;b_haemar_shame;x;
# 1995;204;145;93;b_lion_pass;x;
# 1996;119;32;33;b_taarengrav;x;
# 1997;181;59;61;b_bhtalft;x;
# 1998;150;40;42;b_arcwind;x;
# 1999;196;76;78;b_autumnwatch;x;